user_id,full_name,email,phone,status
0,Bob Smith,bob@example.com,185-309-4898,Pending
1,Charlie Smith,charlie@example.com,762-863-7101,Pending
2,Charlie Smith,charlie@example.com,165-229-3472,Active
3,Bob Jones,bob@example.com,499-502-7599,Pending
4,Bob Williams,bob@example.com,916-459-2342,Pending
5,Alice Williams,alice@example.com,728-872-7276,Inactive
6,Alice Jones,alice@example.com,326-313-4771,Active
7,Charlie Jones,charlie@example.com,825-603-2410,Active
8,David Smith,david@example.com,610-267-7502,Inactive
10,Bob Smith,bob@example.com,343-786-3461,Active
12,Charlie Williams,charlie@example.com,769-159-4346,Active
13,Bob Smith,bob@example.com,107-450-4471,Active
14,David Jones,david@example.com,674-458-4415,Pending
15,David Williams,david@example.com,455-325-2946,Inactive
16,Charlie Jones,charlie@example.com,532-890-8298,Active
17,Charlie Williams,charlie@example.com,345-156-4706,Pending
18,David Smith,david@example.com,801-741-2877,Active
19,Charlie Williams,charlie@example.com,167-301-6800,Active
20,Alice Jones,alice@example.com,462-596-8167,Active
21,David Williams,david@example.com,845-592-3616,Active
22,Alice Smith,alice@example.com,655-957-7037,Active
23,Alice Smith,alice@example.com,183-794-9315,Inactive
24,David Williams,david@example.com,711-423-4526,Pending
25,Bob Jones,bob@example.com,373-759-7693,Pending
26,David Williams,david@example.com,694-707-2787,Active
27,Charlie Smith,charlie@example.com,257-996-8941,Active
29,Alice Williams,alice@example.com,971-734-7561,Active
30,Alice Jones,alice@example.com,711-546-4160,Pending
33,Bob Williams,bob@example.com,679-305-2598,Active
35,Bob Williams,bob@example.com,208-690-8766,Active
36,David Smith,david@example.com,692-788-3388,Inactive
37,Charlie Williams,charlie@example.com,114-465-9735,Active
38,Alice Jones,alice@example.com,242-494-2528,Pending
39,Alice Williams,alice@example.com,685-413-7578,Active
41,Bob Smith,bob@example.com,281-643-9096,Inactive
42,Bob Smith,bob@example.com,533-991-3459,Active
43,Charlie Smith,charlie@example.com,142-595-5761,Active
44,Charlie Williams,charlie@example.com,779-325-2227,Pending
46,Charlie Williams,charlie@example.com,542-128-6960,Active
47,Charlie Smith,charlie@example.com,572-828-4306,Active
49,Charlie Smith,charlie@example.com,637-889-9895,Inactive
50,Alice Williams,alice@example.com,521-469-7920,Active
52,David Williams,david@example.com,818-852-9051,Active
53,David Jones,david@example.com,776-808-2964,Active
56,David Jones,david@example.com,131-933-3453,Active
57,Alice Smith,alice@example.com,858-960-5075,Active
58,Charlie Smith,charlie@example.com,181-768-2312,Pending
60,David Williams,david@example.com,476-670-8940,Inactive
62,Bob Jones,bob@example.com,461-423-2788,Pending
63,Bob Jones,bob@example.com,967-492-5285,Active
64,Alice Jones,alice@example.com,317-407-7458,Active
65,David Smith,david@example.com,850-938-1504,Pending
66,Bob Jones,bob@example.com,281-757-7232,Pending
67,David Smith,david@example.com,776-326-1300,Inactive
68,David Smith,david@example.com,572-816-8837,Active
69,David Smith,david@example.com,563-915-5335,Active
71,David Williams,david@example.com,586-240-6315,Active
72,Alice Smith,alice@example.com,919-288-5382,Inactive
73,David Williams,david@example.com,899-145-6660,Active
76,Alice Smith,alice@example.com,561-762-6969,Pending
77,David Williams,david@example.com,938-752-8246,Inactive
78,Charlie Jones,charlie@example.com,226-627-9130,Pending
80,Charlie Smith,charlie@example.com,600-654-3941,Active
82,Bob Williams,bob@example.com,693-442-4042,Pending
83,Bob Jones,bob@example.com,925-775-8715,Pending
84,Charlie Smith,charlie@example.com,569-758-8230,Active
85,David Smith,david@example.com,773-638-7259,Active
86,Charlie Williams,charlie@example.com,223-108-2882,Pending
88,Alice Williams,alice@example.com,856-800-6957,Active
89,Alice Jones,alice@example.com,515-801-4740,Active
91,Charlie Jones,charlie@example.com,453-671-1667,Pending
92,Charlie Jones,charlie@example.com,182-483-9927,Active
94,David Smith,david@example.com,647-978-7307,Pending
95,Alice Williams,alice@example.com,452-387-6783,Active
97,David Williams,david@example.com,861-507-2604,Pending
100,Bob Williams,bob@example.com,799-128-5842,Inactive
101,Alice Jones,alice@example.com,279-210-9400,Inactive
102,Charlie Williams,charlie@example.com,959-128-2412,Active
103,Bob Smith,bob@example.com,687-153-4869,Inactive
104,Bob Williams,bob@example.com,124-116-9451,Inactive
105,David Williams,david@example.com,669-648-5747,Active
106,David Jones,david@example.com,452-856-3700,Inactive
108,David Williams,david@example.com,507-972-3034,Pending
109,David Jones,david@example.com,556-993-2982,Inactive
110,Charlie Williams,charlie@example.com,581-998-6024,Active
111,Alice Williams,alice@example.com,389-753-8693,Inactive
112,Bob Jones,bob@example.com,768-428-5090,Pending
113,Bob Williams,bob@example.com,246-940-5821,Active
114,Charlie Williams,charlie@example.com,536-608-9873,Active
115,Bob Jones,bob@example.com,431-181-4706,Inactive
116,Charlie Jones,charlie@example.com,627-727-8787,Pending
117,Alice Smith,alice@example.com,853-168-2082,Inactive
118,Charlie Jones,charlie@example.com,611-373-1371,Pending
119,Bob Williams,bob@example.com,329-412-2778,Pending
120,David Smith,david@example.com,996-959-5318,Active
122,Bob Smith,bob@example.com,887-987-6108,Active
123,David Smith,david@example.com,936-927-1737,Pending
124,Bob Smith,bob@example.com,495-637-7701,Inactive
125,Charlie Smith,charlie@example.com,716-545-4243,Active
126,Alice Smith,alice@example.com,687-408-3671,Active
127,Charlie Smith,charlie@example.com,622-178-4970,Inactive
128,Bob Jones,bob@example.com,490-123-9658,Pending
129,Bob Smith,bob@example.com,433-880-2841,Inactive
130,David Smith,david@example.com,208-838-1939,Active
131,David Jones,david@example.com,947-188-2398,Active
132,Bob Jones,bob@example.com,552-947-3590,Inactive
133,David Jones,david@example.com,181-795-4368,Active
134,Bob Smith,bob@example.com,820-270-8405,Active
135,Alice Jones,alice@example.com,172-864-5686,Inactive
137,Bob Williams,bob@example.com,971-182-3980,Inactive
138,Bob Smith,bob@example.com,972-877-3631,Inactive
139,Alice Williams,alice@example.com,837-143-3760,Inactive
143,Alice Williams,alice@example.com,223-492-7611,Pending
144,Bob Smith,bob@example.com,875-355-4884,Active
145,David Smith,david@example.com,388-148-1965,Active
146,David Smith,david@example.com,795-512-6223,Active
147,Alice Williams,alice@example.com,964-637-1613,Pending
150,David Smith,david@example.com,270-567-9211,Pending
152,Bob Smith,bob@example.com,107-529-6253,Pending
154,Bob Jones,bob@example.com,526-777-7381,Pending
155,Alice Williams,alice@example.com,914-726-5354,Pending
156,Alice Williams,alice@example.com,390-870-3116,Pending
157,Bob Williams,bob@example.com,616-586-5912,Active
158,Alice Williams,alice@example.com,382-224-9050,Pending
159,Alice Williams,alice@example.com,200-220-3738,Active
160,Alice Jones,alice@example.com,524-313-2486,Pending
161,Alice Williams,alice@example.com,878-764-7697,Active
162,Alice Williams,alice@example.com,730-851-5252,Active
163,Bob Jones,bob@example.com,774-428-3009,Inactive
164,Charlie Jones,charlie@example.com,466-217-6089,Pending
165,Charlie Smith,charlie@example.com,833-504-6396,Active
166,Charlie Smith,charlie@example.com,431-910-5805,Pending
169,Alice Williams,alice@example.com,835-102-8817,Pending
170,Charlie Williams,charlie@example.com,168-582-5725,Pending
171,Alice Williams,alice@example.com,650-833-2606,Inactive
172,Charlie Smith,charlie@example.com,941-269-9330,Pending
173,Bob Smith,bob@example.com,741-943-8551,Pending
174,Alice Williams,alice@example.com,227-735-7141,Active
175,David Williams,david@example.com,543-711-6174,Inactive
176,Bob Williams,bob@example.com,308-872-8482,Active
177,Bob Williams,bob@example.com,921-976-8342,Active
178,Bob Smith,bob@example.com,840-921-5133,Active
179,Bob Williams,bob@example.com,182-512-5033,Active
180,Bob Williams,bob@example.com,409-254-8123,Active
183,Alice Williams,alice@example.com,743-148-6328,Active
184,David Jones,david@example.com,681-260-2707,Active
185,David Smith,david@example.com,643-302-9075,Pending
186,Bob Smith,bob@example.com,154-878-8983,Active
187,David Jones,david@example.com,759-962-7644,Inactive
188,Charlie Jones,charlie@example.com,741-384-5844,Pending
189,Alice Jones,alice@example.com,613-959-5462,Inactive
190,Alice Jones,alice@example.com,467-600-3453,Pending
192,Charlie Smith,charlie@example.com,946-139-8409,Pending
193,Charlie Williams,charlie@example.com,759-669-1662,Active
194,Charlie Jones,charlie@example.com,830-979-8959,Active
195,Charlie Williams,charlie@example.com,745-225-1969,Pending
196,Alice Jones,alice@example.com,724-609-4304,Pending
197,Bob Williams,bob@example.com,605-189-4357,Active
200,Alice Williams,alice@example.com,876-290-6297,Active
201,Bob Williams,bob@example.com,228-975-6116,Active
202,Alice Smith,alice@example.com,125-512-2321,Active
203,Alice Smith,alice@example.com,195-133-4617,Active
204,Alice Jones,alice@example.com,724-941-2909,Active
205,Charlie Smith,charlie@example.com,554-148-1781,Active
206,Bob Smith,bob@example.com,494-970-8774,Active
207,Charlie Smith,charlie@example.com,389-775-7358,Pending
208,Alice Williams,alice@example.com,604-747-8694,Active
209,Bob Smith,bob@example.com,375-982-6854,Active
210,Charlie Williams,charlie@example.com,160-572-4347,Active
212,Bob Jones,bob@example.com,253-337-1877,Inactive
213,David Smith,david@example.com,924-638-8826,Active
214,Charlie Williams,charlie@example.com,171-794-6437,Active
215,Charlie Williams,charlie@example.com,371-943-1652,Active
216,Alice Jones,alice@example.com,143-930-7406,Pending
217,David Smith,david@example.com,623-985-6017,Active
218,Charlie Williams,charlie@example.com,457-712-9543,Pending
219,Bob Jones,bob@example.com,206-690-2731,Pending
220,Alice Jones,alice@example.com,843-917-5628,Active
221,Alice Smith,alice@example.com,278-842-3173,Pending
222,David Jones,david@example.com,985-915-3128,Pending
223,David Williams,david@example.com,527-381-5552,Pending
226,David Williams,david@example.com,940-368-2104,Inactive
227,Bob Williams,bob@example.com,168-821-5365,Inactive
229,Charlie Williams,charlie@example.com,348-974-2728,Active